Feature_1,Feature_2,Feature_3,Feature_4,Target
1.764052345967664,0.821903908407869,1.0045268007400003,2,9.284976727130577
0.4001572083672233,0.7005286228178628,1.2043435339447026,1,5.634453219800197
0.9787379841057392,0.8830775973191353,0.8499037308098615,1,6.824431638050502
2.240893199201458,0.9665751069241639,0.9866082332834384,1,10.197832482613236
1.8675579901499675,0.7747476141924986,0.9432637389685279,2,10.238028589925626
-0.977277879876411,0.9942330832207621,1.0340783656245653,1,3.9070264327582382
0.9500884175255894,0.6147698861442988,0.7836784869492296,1,7.087447845123659
-0.1513572082976979,0.037129603891447815,1.1179453101373145,2,3.903244064836102
-0.10321885179355784,0.01425151515029588,1.0013757942713477,1,2.045625825637153
0.41059850193837233,0.3421038752037887,0.8315447891108992,2,5.26527960065857
0.144043571160878,0.8234717190675371,0.9645329219969654,2,6.854115139159724
1.454273506962975,0.866134706324731,1.0627886273164284,2,8.725846236083125
0.7610377251469934,0.9608125288226779,0.852872864660172,2,7.676860586983927
0.12167501649282841,0.0651214685488184,1.000322273563286,0,2.1670874866392373
0.44386323274542566,0.044571110987664087,0.8996519031247324,1,3.2264879202424437
0.33367432737426683,0.9132835963670337,0.9459188430596834,2,6.379888944214696
1.4940790731576061,0.3050466983628616,1.0026774161611964,1,6.9873846480041575
-0.20515826376580087,0.5579874006096327,1.0185143290446879,1,3.4471670004488812
0.31306770165090136,0.9824448830007099,0.9540165594043776,0,4.148638566875899
-0.8540957393017248,0.40044853473592334,1.0276551349929968,0,2.010138766764568
-2.5529898158340787,0.6658713983098399,1.0852363102305143,0,-1.3816153258560753
0.6536185954403606,0.4008795636319853,0.9724939471586199,1,4.1293197927384995
0.8644361988595057,0.7681946644627797,1.1539106926944058,1,7.004512094810989
-0.7421650204064419,0.5277147255728658,1.1574524394176433,2,4.085342951432595
2.2697546239876076,0.23752313798634972,0.9580357287519184,1,7.490825332774626
-1.4543656745987648,0.2713061012584662,0.9382075782852095,0,-0.6255208541353365
0.04575851730144607,0.25805921253840725,0.846692836793599,1,3.2684419355045318
-0.1871838500258336,0.5323203282585608,0.9874228289454198,0,2.5704017666471928
1.5327792143584575,0.7031890160156643,0.9643087283567806,0,6.898759825642177
1.469358769900285,0.9492799000431421,1.0810200887947405,0,7.927124891138212
0.1549474256969163,0.6940873750829799,0.8598767958758602,0,2.881768817928127
0.37816251960217356,0.7811928439623906,0.9726420579210999,0,4.823781308200459
-0.8877857476301128,0.16892611586456563,1.1017220319587622,0,0.01210666630966406
-1.980796468223927,0.3740626250073257,0.9295676349857785,0,-1.2904086096992826
-0.3479121493261526,0.4137802198582661,0.926597361349796,1,2.982064874772802
0.15634896910398005,0.686380230000473,0.8652870014691926,1,4.956022333744118
1.2302906807277207,0.2958919763768736,1.2996011173822852,2,6.56167904994182
1.2023798487844113,0.3032919214196661,0.9279779402075613,2,6.881896619087565
-0.3873268174079523,0.3558891546408681,0.8780649762700751,2,2.839417217958828
-0.30230275057533557,0.8103020815432322,0.9227609777165053,0,3.1969773251907245
-1.0485529650670926,0.5775900900433487,0.9254922618527212,1,1.3665022095781705
-1.4200179371789752,0.07527727983273447,0.9734206399370585,1,0.008689927644975282
-1.7062701906250126,0.0782460996904688,1.0860390985467532,1,-0.40476430319555595
1.9507753952317897,0.3712869442824993,0.9706082745084321,2,8.390950454888904
-0.5096521817516535,0.7665910506061583,0.9118476698793714,0,2.7869188958011692
-0.4380743016111864,0.6886834264786805,0.864906517781715,1,2.5344986164887966
-1.2527953600499262,0.7079823546511866,1.002188126283851,2,2.7871464119354354
0.7774903558319101,0.7672100660540969,1.0042629681103232,2,6.529474269818053
-1.6138978475579515,0.2871527128863294,1.165433633202158,1,1.1076935195007591
-0.2127402802139687,0.548256281942088,1.0092876384562486,1,3.9842604451758104
-0.8954665611936756,0.5433526403167696,0.9901480207424672,1,2.0088721579697832
0.386902497859262,0.7396325011799493,0.9002656579993296,1,5.749442752271274
-0.510805137568873,0.9568705691056464,0.9698680404523767,1,4.140540155150268
-1.180632184122412,0.2779899447954659,0.9570999559512113,2,1.5316316256089149
-0.028182228338654868,0.7932816727570482,0.9636603153364954,1,5.329127350028577
0.42833187053041766,0.6599705485232624,0.9085316634864257,2,6.861664625522415
0.06651722238316789,0.5802378708634601,1.0553083090773103,2,5.883419652978664
0.3024718977397814,0.7748797793474019,0.9858564317250359,1,5.61332519096281
-0.6343220936809636,0.9440324664280993,0.9801640258559251,1,3.8344277053653215
-0.3627411659871381,0.03669141786941299,0.8424806270622218,2,1.825500031752188
-0.672460447775951,0.14740010251322067,1.0506031299676917,1,2.2167012271240507
-0.3595531615405413,0.7562872315011158,1.049906940974081,2,4.757061443166675
-0.813146282044454,0.08379135291008455,0.9195113050034254,1,0.7115417054893551
-1.7262826023316769,0.516123700741093,1.104079701225252,0,0.48797141172268277
0.17742614225375283,0.21986077664160697,0.8724274126750101,1,3.241970780728176
-0.4017809362082619,0.2742957038427515,0.9978153988432266,1,2.9433169431727757
-1.6301983469660446,0.7018404829444163,0.9732437308328036,0,0.30487033505718525
0.4627822555257742,0.030192773268711615,0.8765886148955641,0,1.9034131734509998
-0.9072983643832422,0.8733194279019036,1.0191513398370247,1,3.6984021792927786
0.05194539579613895,0.44447895535227,1.1856095318645403,1,3.7759106895095065
0.7290905621775369,0.5023932939071011,1.0067863466035953,0,4.995348946051382
0.12898291075741067,0.5400479636936919,0.9547534155913973,2,6.037786796572508
1.1394006845433007,0.6455442945794939,1.0457166247399357,0,5.903245483607918
-1.2348258203536526,0.3448565866227481,1.0106280805892747,1,1.1981744592841794
0.402341641177549,0.10110749056349133,1.0027800704110008,0,2.1715495629284494
-0.6848100909403132,0.31837893666617656,0.958338501774686,0,0.6611224490606915
-0.8707971491818818,0.1681421180228203,1.1528043693808954,1,1.1360323256496954
-0.5788496647644155,0.5561331794504739,1.0466936972828733,0,2.2424577563215595
-0.31155253212737266,0.31802863096038647,0.9485060929118426,2,3.863249550459468
0.05616534222974544,0.9580671779934349,0.9892577310570528,0,4.38679159294583
-1.1651498407833565,0.9657342779802807,0.9285912089630411,0,1.387402277346462
0.9008264869541871,0.6201258805682415,0.9409840260852639,0,5.342046305638372
0.46566243973045984,0.617497267667286,0.9379369287089228,0,3.7047531653546755
-1.5362436862772237,0.9853785645671059,0.8927656528438108,2,3.5093058559856285
1.4882521937955997,0.887283151235186,1.0808283051315852,1,7.647926073509754
1.8958891760305832,0.76506994915814,0.9713153002775802,1,8.841662562942828
1.1787795711596507,0.3135906117427012,1.0569768001030262,1,6.943773436206143
-0.17992483581235091,0.36553902811807637,0.9351834275158489,1,3.0838683437167806
-1.0707526215105425,0.20126676576086544,0.9939819321132227,1,0.15053007297798182
1.0544517269311366,0.48714812691737464,0.931364969544947,1,6.631035768113769
-0.40317694697317963,0.9903685221395796,1.0746196844249254,1,4.298976878124232
1.2224450703824274,0.9121509530115888,0.9754640907973242,2,8.591975571963921
0.2082749780768603,0.11834943401946907,0.9295196249502743,0,2.6344590068094678
0.9766390364837128,0.02519028929050615,0.8485974740040875,0,3.343865356675825
0.3563663971744019,0.8986376684082662,1.0279501307719752,1,5.619265415333033
0.7065731681919482,0.5371701279487074,0.931612330495253,1,6.584223862390776
0.010500020720820478,0.20018988820845618,0.9984233225518289,0,2.9747780536760904
1.7858704939058352,0.6736532695846353,0.9520164063280948,0,7.6042501225429335
0.12691209270361992,0.64422317792982,1.1001196626223362,0,4.4227085105383335
0.40198936344470165,0.12208560683646719,1.055922165057672,2,4.025526426075239
1.8831506970562544,0.2596002334976195,1.0457362771366454,1,7.451266752833839
-1.3477590611424464,0.06007796431325796,0.9402475264869611,1,-0.23789867084901212
-1.2704849984857336,0.20986047387014195,1.0477332325005464,1,0.30061578530016464
0.9693967081580112,0.13230567485306288,1.1870641534335453,2,5.727130629710709
-1.17312340511416,0.1932362924745561,0.9201499773053539,0,0.034306736334143606
1.9436211856492926,0.685467145913117,1.0173832746068552,1,8.833846396882446
-0.41361898075974735,0.049499744261067735,0.8479600989335103,0,1.5863434843664652
-0.7474548114407578,0.10185461524821648,1.1501084119727507,1,1.6152760368071828
1.9229420264803847,0.13417363807828764,0.9609900634581741,0,5.110945985208367
1.4805147914344243,0.316541120958134,1.0814015032751154,2,7.177646482626207
1.8675589604265699,0.2987503108519409,0.8417074050507501,1,7.087134747083791
0.9060446582753853,0.2550637853166394,1.196922810516614,1,6.4695349027657265
-0.8612256850547025,0.7505366534324163,0.9649421257066979,0,1.961215087872104
1.9100649530990337,0.9980227877581006,1.0560818928736921,1,9.89148695837745
-0.2680033709513804,0.5339779236287958,1.0151961252074844,2,4.68403260009609
0.8024563957963952,0.9442027179139421,0.974776486754866,0,5.771511958080868
0.947251967773748,0.3966101121260647,1.1836220018158665,1,5.185917526483944
-0.1550100930908342,0.10668244680271344,0.8480593812044539,0,0.9306208243305589
0.6140793703460803,0.4087738294698373,1.0303219909891215,0,3.522013521716831
0.9222066715665268,0.2961277734146933,1.0953397260196667,1,5.424533894910221
0.37642553115562943,0.49340696228917813,0.9970188403441032,0,3.8001564743227085
-1.0994007905841945,0.6570436769164232,0.9882524690159352,0,0.9839803150992505
0.298238174206056,0.4610502191524082,0.9858325452489767,0,3.5098721694716506
1.3263858966870303,0.9351605120778256,0.8844726900169638,2,8.554888517119355
-0.6945678597313655,0.8847648222993799,1.0038200161430082,2,5.544622048837235
-0.14963454032767076,0.7019775951661972,1.0526089033597026,2,5.427886438777773
-0.43515355172163744,0.48968491236454914,1.0068835059135102,1,3.4485062741344006
1.8492637284793418,0.13168728181445688,0.9731397198719364,0,5.507295182381389
0.6722947570124355,0.3970136667776334,0.9522073129092424,1,4.986672332924576
0.40746183624111043,0.7044015394011737,0.9724567602675525,1,6.0138032576129845
-0.7699160744453164,0.2848855205537312,1.1340263277531626,2,2.8565371456780353
0.5392491912918173,0.10398807754342043,0.811668317753782,2,4.123549858562774
-0.6743326606573761,0.9078984575106281,1.0040151849976127,0,2.7952925069684063
0.03183055827435118,0.7090508098155446,0.9677558043832644,1,4.989476806019115
-0.635846078378881,0.6152764266350972,1.1567111874997291,1,3.8869234048617827
0.6764332949464997,0.7924989056089166,1.005564647999699,0,4.690658629334936
0.5765908166149409,0.8356460375834757,1.1600841665653028,2,7.226087604748921
-0.20829875557799488,0.48345899817102334,0.80865007003863,2,4.486565465884044
0.3960067126616453,0.88118825140944,1.0470309483063631,2,7.016820501665246
-1.0930615087305058,0.9164190107011054,1.0284016347399443,2,3.613335301773646
-1.4912575927056055,0.2715510954247814,1.1491854610851575,0,0.08794090137372446
0.4393917012645369,0.6075453597907943,0.8486275675001712,0,3.8262437808999494
0.16667349537252904,0.5265840288204692,0.9846159810208651,0,3.289105506725673
0.6350314368921064,0.5379457791519024,1.0066278940964113,0,3.93999534945615
2.383144774863942,0.937663093964562,0.951629453521438,0,10.139091877988605
0.9444794869904138,0.305188702693029,1.1293675337377787,2,6.988266323578829
-0.9128222254441586,0.9834339782345762,0.9666988892304733,2,4.417800569792844
1.117016288095853,0.9021312148042321,1.225656053359871,1,8.123889486435331
-1.3159074105115212,0.45872288861350263,1.111174752084804,2,2.3701802095843996
-0.461584604814709,0.8174532636181662,1.0997505371770744,1,3.6273973348920663
-0.06824160532463124,0.7690469943201406,1.0575235467694857,2,4.982089575025932
1.7133427216493666,0.6778949696185212,0.8990923189215798,2,8.890052902596468
-0.7447548220484399,0.31983388938315427,0.9578063764047655,0,1.0319006702228701
-0.8264385386590144,0.19645099182095394,1.0589471255203935,2,2.0172263065654668
-0.0984525244254323,0.6715276967657582,1.0701038537665801,1,4.1071081345463565
-0.6634782863621074,0.8429732964010842,1.1396467939241672,0,3.615039917153071
1.126635922106507,0.01625278867736968,0.9543315788785647,0,4.073213616338299
-1.0799315083634233,0.6428033753085121,0.9175801568158886,2,3.691834788682751
-1.1474686524111024,0.44287302462221245,1.0897087070405587,0,1.0653438858302553
-0.43782004474443403,0.8980877551269836,0.9222281290095989,1,4.272931050282176
-0.4980324506923049,0.32147293085420525,1.0912580266483631,1,3.057954651317953
1.9295320538169858,0.47418481226362175,1.1274671059456156,1,8.183335392084192
0.9494208069257608,0.5147671040351863,1.0466716826514362,1,6.747513201618825
0.0875512413851909,0.14043952137105298,0.9648738580858366,0,2.519957627486329
-1.225435518830168,0.7128923026989064,1.0041166729288742,1,1.9608342886892411
0.8443629764015471,0.8304763451209596,1.061142960631008,1,6.681637375633738
-1.0002153473895647,0.05790927689626024,1.0010190707713251,1,0.29105889666562934
-1.5447710967776116,0.29138882053690274,1.2458644593958552,2,1.8336000880243515
1.1880297923523018,0.03804468153505791,0.9056819410097808,2,5.8853728877049205
0.3169426119248496,0.9565441046882424,0.9045959864809038,0,4.814565415518567
0.920858823780819,0.6671688207038236,0.9069304268739801,1,6.192932537196519
0.3187276529430212,0.9642004194547815,0.942746370974905,0,4.998443717882316
0.8568306119026912,0.5314942783313078,0.8042113654363866,2,6.808416494278851
-0.6510255933001469,0.8020685238956139,0.93897629719715,2,4.612456193123858
-1.0342428417844647,0.37441398387974,0.9367597151928714,0,0.33705056614024126
0.681594518281627,0.3538190325726409,1.007882305602739,2,6.210121543343312
-0.8034096641738411,0.3782678171051327,1.0426651280104964,1,1.8385314638550225
-0.6895497777502005,0.6578621337264282,0.8833607303673193,2,3.3672281126801153
-0.45553250351734315,0.3594531510216522,1.0941802188250598,1,3.1963084477120383
0.01747915902505673,0.9003674516042256,1.1974858368634116,2,6.288253653166528
-0.35399391125348395,0.9832748650501553,0.979386904926234,2,5.1668528862222916
-1.3749512934180188,0.03042651533700591,1.170507158564302,0,-0.8669499379904345
-0.6436184028328905,0.19362329040249648,1.0200982533191352,2,3.609125484782503
-2.2234031522244266,0.112249992587386,1.220027246703787,0,-2.820604904811992
0.6252314510271875,0.04236404709144326,1.1182090540555505,1,4.003306545605558
-1.6020576556067476,0.22774099334728648,0.8552251909603282,0,-0.7292861567578659
-1.1043833394284506,0.44679332036908115,1.0018644730385438,2,2.161667650399087
0.052165079260974405,0.8369903652886838,1.1111910938037064,1,5.667768816126433
-0.7395629963913133,0.2218240305099961,1.003059328326228,0,0.6138896953125434
1.5430145954067358,0.49394525566220127,0.9963184405347425,0,5.430513479301133
-1.2928569097234486,0.9296187394467544,1.1353903074460108,0,1.3351715815338685
0.26705086934918293,0.6672147067866749,0.9314754746040298,0,4.221343667058148
-0.0392828182274956,0.7980790197559975,1.0017530962073788,2,5.606900749001891
-1.1680934977411974,0.5509939701854862,1.032891939724473,1,2.185245521659323
0.5232766605317537,0.98046645884063,0.9671718390725762,0,5.497705089649961
-0.1715463312222481,0.5886621546814742,0.9979891141577234,0,2.661759353472669
0.7717905512136674,0.04551071396259154,1.0805847462441547,0,2.406673854989018
0.8235041539637314,0.19798279993979484,1.0442341669455366,2,5.511907248047586
2.16323594928069,0.40477362895714797,0.9223119674204991,2,9.505377811900672
1.336527949436392,0.6012771725737763,0.8954647707392269,0,5.235353924550975
-0.3691818379424436,0.7719308674089599,0.9241228902982311,0,2.7401610392244447
-0.2393791775759264,0.41308612590388627,1.0001248533723823,1,1.5852245028591538
1.0996595958871132,0.7100583050156887,0.9841332457244546,1,6.862405007133783
0.6552637307225978,0.789869503109125,0.9201710067390828,2,6.933130014330323
0.640131526097592,0.3172601972499828,0.9419387335156197,0,4.368329808863652
-1.6169560443108344,0.9792702400358185,0.858984906195793,2,3.029567143653683
-0.024326124398935636,0.6496564952358356,1.0426706666635395,0,2.6329475879204125
-0.7380309092056887,0.8809980607861312,0.9960061242857547,1,3.8095806344503393
0.27992459904323824,0.5559376888086067,0.8816335951038811,1,4.567229868041961
-0.09815038964295794,0.7416031071523237,1.0028661499952098,2,4.994182556187486
0.9101789080925919,0.7705440616163653,1.1436926577509194,2,8.567955455363373
0.31721821519130206,0.908248379234579,0.9286776510139346,2,7.6847807255969505
0.7863279621089762,0.1503497568713703,1.1405536091277846,1,5.168817471720676
-0.46641909673594306,0.5582834241692485,0.9681717814749713,0,1.8683413682952867
-0.9444462559182504,0.4283785131058563,1.0199797934787347,0,0.9798435543353675
-0.41004969320254847,0.9231590211737403,1.0098230123919871,2,6.4267618492127845
-0.017020413861440594,0.1050946942489992,1.1504490467572206,0,2.7554835708161245
0.3791517355550818,0.9825738886809128,1.0159695565467326,0,5.860276484898519
2.259308950690852,0.8754513240932963,0.8920883163695008,2,11.082447426990829
-0.04225715166064269,0.07382628156424853,0.8771326559010562,1,2.5389118053634174
-0.955945000492777,0.49096638554047445,0.8578790941412775,2,2.4514788618949126
-0.34598177569938643,0.7175595002125259,0.8426555401476128,2,5.133881217545422
-0.4635959746460942,0.7381515456910565,1.0046241644987652,2,4.594462136957179
0.4814814737734622,0.9064941252379208,0.9086117006937526,0,5.331418407930465
-1.5407970144446248,0.7998654355823109,0.991951403510038,2,2.5350214762503045
0.06326199420033171,0.3109303803440895,0.9320340751929738,2,4.955297861933772
0.1565065379653756,0.4984347858624524,0.9258172388474845,1,4.617741552360624
0.23218103620027578,0.701785762935854,0.9530532181882219,1,4.604089889575868
-0.5973160689653627,0.13843684136435142,1.0728928038733034,2,2.090277870213155
-0.237921729736007,0.19399079760019733,1.0973679225166242,1,2.956045437471642
-1.4240609089825316,0.4810424481098726,1.0378147029419986,2,2.0792273031080217
-0.49331988336219407,0.2982457987055127,0.9057587806115257,1,1.7688354461443643
-0.5428614760167177,0.8625592497840949,1.0664795965742075,2,5.25510343779719
0.4160500462614255,0.586277321520618,1.0713180005349392,1,5.048503210504934
-1.1561824318219127,0.3486651977183677,1.0278453524548585,0,-0.17752235539141153
0.7811981017099934,0.8488330256044101,0.9414236354740732,1,6.284898451152278
1.4944845444913688,0.8048784485542388,1.0734587990018851,1,7.541999136387681
-2.0699850250135325,0.9983548770992695,1.043188467777142,2,2.8263613673125136
0.42625873077810095,0.8473076883337348,0.7322116560842212,1,5.048850696802668
0.6769080350302455,0.4144565348056797,1.0665671323280035,1,6.013873162996699
-0.637437025552229,0.12749888176998847,0.8258234517680476,0,-0.07903226869623386
-0.39727181432879766,0.8406409082004779,1.068607242052412,2,5.211187679310621
-0.13288057758695562,0.05975791796039398,0.9847108444484571,0,1.0144623677892226
-0.2977908794017283,0.3502712073448542,1.1267768006154193,2,5.0304729103707855
-0.3090129690471222,0.9197379807712738,0.9902318997416872,2,4.463328406765849
-1.6760038063299767,0.9607664734451007,0.9151553689359131,2,3.602089129267015
1.15233156478312,0.6405645935212184,0.9853726677618126,1,7.275436353085362
1.079618592036821,0.6886483169837135,1.1118003401620946,2,8.36834608769568
-0.8133642592042029,0.04245448872552249,1.0026281092263662,0,0.3775880056646662
-1.466424327802514,0.5144803410895479,0.9886315982588202,1,0.8604268890059188
0.5210648764527586,0.5468681788063412,1.0771895184592966,2,6.906021752625211
-0.5757879698130661,0.3401007461241111,1.0212587516096607,2,3.4355085043679354
0.14195316332077967,0.06859683475388434,0.9994074350526725,1,2.9867937281889057
-0.3193284171450952,0.228907599724394,1.1463763950742953,0,2.1499088544476033
0.6915387510701866,0.35798393686119634,1.1682552578465533,0,4.349971015869185
0.6947491436560059,0.4351419865163296,1.0632525172274339,1,6.071118107198815
-0.7255973784635843,0.5909267255335692,0.9718090784637187,1,1.8516720110390503
-1.3833639553950554,0.7223915186982364,1.1614754068031101,1,1.4680571174094947
-1.582938397335082,0.31763187327394615,1.1255951924771352,1,-0.43428462490149977
0.6103793791072052,0.3289537599189831,1.0745368339029244,1,5.461840572327894
-1.188859257784029,0.019691642723703717,0.8854957174531247,2,0.7068187519779083
-0.5068163542986875,0.040874860094018306,1.0141665988385538,0,0.9355114571649065
-0.5963140384505081,0.2578216943085364,0.9283307319787409,1,2.1168925673324193
-0.05256729626954629,0.7402449976749567,0.9842245318793172,2,4.727025656609242
-1.936279805846507,0.6283138303739122,1.0242961491199631,1,1.084064509821005
0.18877859679382855,0.7697890206778347,1.0100662682293573,0,3.6901862423809626
0.5238910238342056,0.7689194362148217,0.9535937750035559,0,4.3530748435223865
0.08842208704466141,0.8565674676693013,1.1357524409958377,0,4.485027180349006
-0.3108861716984717,0.7203192659868836,0.8439912711464919,0,2.4197357674936755
0.09740016626878341,0.9790109190008228,1.0757502800999375,2,7.098696491714225
0.3990463456401302,0.8988252193018174,0.8304825785926587,0,4.694041542832549
-2.77259275642665,0.5867171662232342,1.0390011445165412,1,-0.8987341126566507
1.9559123082506942,0.5881576704911717,0.9151288237543396,0,7.464563307274268
0.39009332268792646,0.034267040352229494,1.0918029100960411,2,4.869070500909829
-0.65240858238702,0.9985265777083543,1.008682730520042,0,2.5041415950086288
-0.3909533751876011,0.13157599736614178,1.0250799790078695,1,2.4435893988896638
0.49374177734918845,0.740347196631592,0.9031849470239276,2,6.783480787317097
-0.11610393903436653,0.8210151951243089,0.9366393087401322,2,5.293353634209695
-2.0306844677814944,0.3730545293052032,1.0209379252489834,1,-0.828965475965194
2.0644928613593194,0.19685205466531375,1.060093373753305,0,5.837119287574192
-0.11054065723247261,0.09875988679055503,1.3403216522845514,0,1.036180355956411
1.0201727117157997,0.7486060058295778,1.0225360165357866,0,5.988975838017742
-0.6920498477843912,0.4526535292056957,1.102525825480796,0,2.2081911762616158
1.5363770542457977,0.7137177590011357,0.8558215508117041,0,6.916375651597859
0.28634368889227957,0.9154076488518006,0.8754745593226732,0,4.7689910671084
0.6088438344754508,0.1465837361510567,0.9650749835890068,0,2.6137649815269715
-1.0452533661469547,0.9191710007237996,0.8871486089930877,2,4.398134962484811
1.2111452896827009,0.4116264595084367,1.1602551355186062,0,5.715176517667522
0.6898181645347884,0.30526700989728905,0.9598081394072169,0,3.172853828572974
1.3018462295649984,0.9430622606027791,1.1482260530545154,0,7.229860303956139
-0.6280875596415789,0.9906516926063994,1.1602995997397327,1,4.23010332868531
-0.4810271184607877,0.19889221776744814,1.0042871355730498,0,1.2845338679049532
2.303916697683942,0.6568383469519833,1.0514603163188352,2,10.942418142810709
-1.0600158227215473,0.10649531377106036,0.9944057590360933,0,-0.0267572481265686
-0.13594970067832082,0.6509140038575058,1.0553196428410876,2,5.7658824004963325
1.1368913626026953,0.8273132277758497,1.0495213311988085,1,7.8363474071593355
0.0977249677148556,0.6844985465240676,0.9877111694477171,1,4.161867160045781
0.5829536797532936,0.41733314206259575,1.0517937060194196,2,5.967637657948062
-0.3994490292628752,0.38306635956376955,1.1881169128244162,2,2.1558491501385335
0.37005588784751875,0.39312241522341707,1.0739050914676112,1,3.5185229193817245
-1.3065268517353166,0.5897118179929232,1.0331164992457955,2,2.21128339487114
1.658130679618188,0.8815672700724956,1.0125551140070583,0,7.879095136590526
-0.11816404512856976,0.9290661572687678,0.9036914326911217,1,4.738787848332631
-0.6801782039968504,0.05352962020731811,0.9023708624534111,1,1.0611807396971589
0.6663830820319143,0.1816223946456883,1.0328641312259523,2,5.3264717572276945
-0.4607197873885533,0.11222431582828851,0.8720233199186982,0,0.24828173421512295
-1.3342584714027534,0.19333464076691398,0.9262299399351418,0,-0.23292690107835584
-1.3467175057975553,0.3466078106091718,1.1367247875208955,1,1.0952304407009554
0.6937731526901325,0.5065316826226238,1.2109715480531187,2,7.045117514867407
-0.1595734381462669,0.6294612270091522,0.8465418771615641,0,2.9075981306075924
-0.13370155966843916,0.7321422191397015,1.1766423969350654,0,3.3812708674019545
1.0777438059762627,0.8901115413858071,0.9790781345301766,2,8.629108379164201
-1.1268258087567435,0.9890884372297908,0.9985006164971862,2,3.8852580039762987
-0.7306777528648248,0.6628564785571198,0.9887229054928344,1,2.5218449870015585
-0.38487980918127546,0.845364518667763,1.1141083653842965,0,3.180890151915662
0.094351589317074,0.7780388469246989,0.8514898850703554,1,4.879973330874005
-0.042171451290578935,0.30753203921871197,1.0466727895625982,1,3.3324641142569695
-0.2868871923899076,0.875692270234923,0.9098395445043189,2,4.963209300214241
-0.0616264020956474,0.042763137947798846,1.0587392918079812,0,1.237060567284366
-0.10730527629117469,0.00036734375145786036,1.1668171227031336,2,4.161223008756355
-0.7196043885517929,0.2737326293884642,0.9999582682295326,2,3.1811006155270953
-0.8129929885540773,0.4620975296274499,1.0381242807993516,1,2.660251471011863
0.2745163577239395,0.6383628950006773,1.0418054085133375,0,3.461282333058838
-0.8909150829955279,0.1017702665445448,0.9231538718592347,2,0.6104535329230476
-1.1573552591908536,0.67301013383484,1.163187329553945,1,2.447096215714082
-0.3122922511256933,0.8018158670596945,1.1860717838148755,0,3.7971991778126464
-0.1576670161638159,0.1853129195793668,1.0726994664289153,2,3.377446628554059
2.2567234972982093,0.41512525483179386,1.007355462693529,0,7.7354288827291775
-0.7047002758562337,0.5199849899533098,0.9548611120029,1,2.8610488161840752
0.9432607249694948,0.45180701808448065,0.93927307973476,1,7.0755272101648465
0.7471883342046318,0.7998299308884707,1.1865900129190161,2,7.56258174533904
-1.188944955203736,0.9605223981193308,1.1519331191245854,1,2.6512763119445335
0.7732529774025997,0.79895316400818,0.9936540721141142,1,6.534022272043669
-1.1838806401933177,0.07799281787582457,0.8538557137116022,1,0.5463644980699702
-2.659172237996741,0.8049355721591271,0.7533682047298033,0,-1.1363795232966423
0.6063195243593807,0.06659633223555117,0.8973200626424538,2,4.506673353231703
-1.7558905834377194,0.23597038524157,0.987022898615427,2,0.8555817618433224
0.45093446180591484,0.1530968968357228,1.1503530594144882,1,4.321760732986138
-0.6840108977372166,0.19751910684608542,0.9369122782666477,1,1.1550938137763604
1.6595507961898721,0.5283151270573506,1.051777453289883,0,5.846720415688527
1.068509399316009,0.6716898576108536,1.1391906978881534,2,7.624274121401266
-0.45338580385138766,0.470321282336041,1.0129365946869098,0,2.3148467448074848
-0.6878376110286823,0.9596956390292436,0.9858561900641022,2,6.161187179724887
-1.2140774030941206,0.24029232003016665,0.8773262478259657,2,2.3676185583143687
-0.4409226322925914,0.7631402302547929,0.8867009237430231,0,3.424053851644388
-0.2803554951845091,0.8701821785071485,1.0424877910941612,0,3.0348872416618544
-0.3646935443916854,0.5620661107547191,0.9801097210592192,1,3.4250713095847254
0.15670385527236397,0.4562225019615531,1.0123285089385516,2,5.001303610230071
0.5785214977288784,0.5961844467792436,0.9952833867507934,1,5.320427940123237
0.349654456993174,0.42880977016034294,1.0686694873269433,2,5.847580356366418
-0.764143923906443,0.5551938823233694,0.9245309592609697,1,2.4500922097804985
-1.4377914738015785,0.4169339521288016,0.9669987614386919,1,1.1185224878758633
1.3645318481024713,0.40046971029413403,1.208788021923457,2,8.545151555737684
-0.6894491845499376,0.6953464681395298,0.9231360885129352,1,3.3175913582167342
-0.6522935999350191,0.09285121306796795,0.9722351858095943,0,0.1528686117796496
-0.5211893123011109,0.16654207272882082,0.9427645869496899,0,0.7801023511248862
-1.8430695501566485,0.851198471715004,1.0454821182912104,1,0.5770174952736059
-0.4779740040404867,0.771077346815188,1.107648425252522,2,4.176208164204714
-0.47965581400794766,0.2814537272943938,0.9513995558155569,2,2.87983686675157
0.6203582983435125,0.3772689326657602,0.957775918302059,2,5.631099589789454
0.698457149107336,0.9260265066284805,0.9724873993594875,1,6.943506885579979
0.00377088908626934,0.8180772251738613,1.0544121189018623,0,3.360955250540627
0.9318483741143037,0.6143462999796309,0.9287278520834193,1,6.341497376617038
0.339964983801262,0.22149017880295774,0.9631019587722931,0,2.9963893931094967
-0.01568211160255477,0.04425197131526959,0.7888182124525016,1,1.931736617171672
0.16092816829822298,0.43125784684189816,0.8709466974589412,1,3.625317081290022
-0.19065349358139935,0.6726271392574619,0.9888186061050539,2,4.381147740998239
-0.3948495140334503,0.8284804905178516,1.0939406119846555,0,1.9576320238025324
-0.26773353689396645,0.8526890057422694,1.029947240722581,1,3.861980146111636
-1.1280113314700069,0.032775901293363385,0.8959444679460138,0,-1.4502616601267213
0.280441705316296,0.24415703383687937,0.8693359620195378,1,3.8234477560931723
-0.9931236109295807,0.33909458847740304,1.0176214671966033,0,0.40452360984365004
0.8416312640736364,0.18873221095938586,0.8476560183472919,1,4.398392887695225
-0.24945858016094885,0.8029753783638378,1.1124810284917044,0,4.07183417216544
0.04949498165009074,0.7674657630849425,1.006410076329508,2,5.31316145698654
0.49383677628095635,0.5168330403809708,0.8515202343974376,0,2.7565218492114045
0.6433144650629279,0.9829264779958555,0.9079232904034344,1,6.085740870490702
-1.5706234086334527,0.14405854109084226,0.9301298007052442,0,-0.7250593971469591
-0.20690367616397173,0.8996517033276689,0.9255943095030424,1,4.081551710448717
0.8801789120807822,0.11646325416191616,0.861574886723023,2,4.887609870453303
-1.6981058194322545,0.1631817055141207,0.9162497925448895,2,0.5696113205149727
0.3872804753950634,0.6962192002506188,0.9338493440719079,1,5.397442765507124
-2.2555642294021894,0.10956969204168931,0.9313421365912035,0,-3.708782407130627
-1.0225068436356035,0.5658450954187109,1.1194031735238894,1,2.557588505064555
0.0386305518401881,0.4202335364726536,1.0105379171179718,0,2.8066788299880017
-1.6567151023219537,0.7284739655410148,0.905447735971311,0,0.14433727566571192
-0.9855107376841507,0.9006752388088651,0.9670915047057809,2,3.93015397478977
-1.4718350074635869,0.7698715146690553,0.9158014369169729,1,2.1252124530728955
1.6481349322075596,0.8496898764211883,0.9704448873279016,0,8.04921870463958
0.16422775548733395,0.03294544853123238,1.0914978369834443,0,2.014136535052142
0.5672902778526694,0.3101954982442031,1.0255479735310336,0,4.409804197004773
-0.2226751005151545,0.5154330866863324,1.2567890786986835,1,4.330220330329826
-0.35343174875719907,0.41595331462977947,1.0383082880027101,1,2.6022540153546423
-1.6164741886510325,0.23125495297968846,0.9126895847483246,0,-1.479301310692144
-0.2918373627478628,0.3078740979600233,1.084342782535298,0,1.392809904988499
-0.7614922118116233,0.9454309703916057,1.1140400826740928,0,3.1627157268488206
0.8579239242923363,0.29418087987135155,1.1156271343695239,2,6.878361067150063
1.1411018666575734,0.35390411017978574,0.8963501989698055,2,6.757520570328148
1.4665787155741776,0.0037097737500186856,0.9853447082157438,0,5.259042632183553
0.852551939461232,0.8450776272778745,1.1198348238021303,0,6.529906760399199
-0.5986539369229861,0.15484070340157663,0.8449541648414043,2,2.0612980124100773
-1.1158969859603944,0.20414427551372605,0.9512849055263684,0,-0.8760564604981426
0.7666631816450861,0.2552645170920256,0.867019536902381,1,4.863837707684089
0.3562928174722889,0.8846220568448426,0.9109593327130133,1,5.665864593751184
-1.7685384506770307,0.20645141124631472,0.9037109500183605,2,0.13395637766234858
0.35548179274376907,0.7975263608679399,1.1332130253930894,0,4.879892269131012
0.8145198224878664,0.8080493403229045,0.9768190992589689,1,6.00778125770105
0.05892558918162996,0.9270205687863958,0.9172863766664285,0,4.099448443616974
-0.18505367100934153,0.11556131360031396,0.9016214070494319,2,3.4659985204179327
-0.8076484876163557,0.21727897233783133,1.0142675399650996,0,0.03571844098979837
-1.4465346995633879,0.7428982920807213,0.9988870570468383,0,1.1213216458939068
0.8002979493400275,0.19600075428073904,1.1438587756367795,0,2.8562006558122297
-0.3091144447717088,0.286329546873449,1.0512728515647105,1,2.698129490071393
-0.23346666154369272,0.16674158011136264,0.866598259756137,1,3.5173698937904008
1.7327211869191332,0.1726966861550493,0.9390391843624044,2,7.329497840878499
0.6845011068591904,0.4815533546282057,1.11294232462535,0,4.439364781044584
0.3708250012811021,0.10968306211295853,0.9397811313955957,0,2.6600856062066858
0.14206180518723566,0.3216976184636222,1.1894097997472473,2,4.101883330365822
1.5199948607657727,0.426593909598879,0.8959873869845375,1,6.292631071877829
1.7195893074161945,0.024548116523977592,1.0589325106878276,1,5.3445651035716875
0.9295051114795281,0.3883331664744526,0.9174826995202918,1,5.6180596912115295
0.5822245913979243,0.09412243608551696,0.9503171449638209,0,2.6664764700448402
-2.0946030712061448,0.49357853114617667,1.116119754188968,1,-0.4584796660442533
0.12372191423350658,0.8257381885570964,0.9873736731798957,2,6.341312459093115
-0.130106954193704,0.8184221621817872,1.084745312604794,1,4.952969293156042
0.09395322938556872,0.08044851553740051,1.0484669603266006,0,1.954993437445433
0.9430460873225178,0.6012277576745202,1.078300907336284,0,5.14343361642208
-2.7396771671895563,0.8345863819712365,0.9150113392974905,0,-2.214944869591598
-0.5693120534701851,0.23797254293463532,0.9780862332076249,0,1.0920641766243793
0.26990435494076137,0.7619265114495991,1.0433380762603812,1,4.416037114271305
-0.4668455460527625,0.8907643464500933,0.9185974461311923,1,4.479886280544613
-1.4169061131262595,0.8061241514404441,1.1769778444136032,2,3.294818187058153
0.8689634868967954,0.10730103151550452,0.9252208583226393,0,3.598610090574883
0.27687190584612803,0.009059999522384898,0.9704451864262396,1,3.649029012226139
-0.9711045704444846,0.19172410992184563,0.9042441239046475,1,1.5832155399854053
0.3148172045158238,0.27047734094662323,0.8070813530802705,0,2.2587554123293554
0.8215857120497958,0.6161829906159595,1.1968485001291418,1,5.707929460556236
0.005292646299360854,0.3842731752423184,0.9797734635417504,1,3.786766291159786
0.8005648034309968,0.7034070306614735,0.956196843539842,0,5.472675282330023
0.07826017516166135,0.3530749605216086,0.9803246308835243,2,3.7865714813412836
-0.39522898265435435,0.1544254246546003,1.1525609703966444,2,2.8752590731057284
-1.159420516399913,0.3126898434860351,0.9080002175335831,2,2.5676494689823826
-0.08593076697161273,0.884324226389135,1.0703190553287938,2,5.995634532258871
0.19429293804577166,0.9585323442450648,0.9585066056611303,2,7.10839061400194
0.8758327615873309,0.20751273406736848,0.9420781127969973,1,4.589627003583637
-0.11510746848722672,0.7884683870244413,1.0583444221588008,1,4.481595614106894
0.4574156062209908,0.2733487365398707,1.1038720643227868,1,4.0813515470954425
-0.9646120137337284,0.8871315434314075,0.9499078538607706,2,3.8070083835480983
-0.7826291558275251,0.16554561279625546,0.9259964148761496,1,0.9771781668290771
-0.11038929902688775,0.6659599186940569,0.8896656377797898,2,3.9727609767199743
-1.0546284639850139,0.08421126471318252,1.1166692567824394,1,1.1740692325654816
0.8202478373246812,0.9738933239738695,0.9440977216657487,1,7.0126512123155305
0.4631303293186071,0.7006333446405428,0.8311765326207952,0,3.640351650846151
0.2790957643924534,0.8418157394050853,1.1514191370948952,1,5.949347082254336
0.33890412521594454,0.5666693393630345,0.8719824772295585,2,5.056728631605798
2.0210435614847975,0.4768013639288602,1.0810643370552844,0,7.009290069906863
-0.46886418796679563,0.6218823913943651,1.0185121283519085,0,3.114605316788592
-2.201441285500558,0.528741511699448,1.0292100263053583,1,0.6615441976751772
0.1993001968964652,0.469384355145153,0.9432371649134875,2,4.937164628495906
-0.050603540961665895,0.7594502514576428,1.037235650566618,0,3.812359499561096
-0.5175190425104033,0.17820095493926813,0.8463874975706432,1,1.3030953084411232
-0.9788298593587699,0.17117204815515852,1.0605671104057357,1,0.4757093835386813
-0.43918952180214793,0.4318426506497062,1.1684767811499905,0,2.261182823161715
0.18133842921782128,0.320747916044946,1.092427975766606,2,5.3194098214692955
-0.5028167006425383,0.0741245179130241,0.8171325081961951,1,1.43344356693872
2.4124536795437486,0.8444704924187344,0.9062673753225976,1,10.414084068038138
-0.960504381633148,0.7716028066943498,0.981395743803886,1,2.6682704303441733
-0.7931173627076716,0.5439214998029848,1.0498987495228456,2,2.3829604377451337
-2.2886200400145285,0.979324537264369,0.9893914049439212,2,1.8260947777772591
0.251484415021537,0.07260006654760531,0.95187511100925,1,3.161729573421182
-2.01640662779976,0.766669301027875,1.0613376332864988,1,0.9188410968016714
-0.5394546333745014,0.2663703916090968,1.1234622105662337,2,3.66667579572259
-0.27567053456055696,0.3685989199435754,0.9770383247692817,1,3.8387742366007176
-0.7097279658468882,0.21927938520306756,1.075615425640805,1,1.4366248121709857
1.738872677454511,0.7890378914618652,0.7726685745619736,2,8.680652564411979
0.9943943913154989,0.144240102021566,0.9105095067655101,0,3.0848562972588605
1.3191368763015756,0.840016697735278,0.9683846608712043,0,7.265435534300302
-0.8824188185499185,0.6615776482298339,0.9523176612402354,1,2.7824176579822395
1.1285940645145685,0.05902324526911473,1.0338397896194191,2,5.381110594273533
0.4960009463439622,0.8109817316001534,1.106691633890058,1,6.291552275174132
0.7714059486768455,0.6277557161629794,1.0519724256396485,1,5.66869686444854
1.0294388287827672,0.9049823195783415,0.9396737417825062,1,6.516211656345042
-0.9087632459590531,0.7487223064086382,0.8587505379170115,0,2.229175951955143
-0.4243176209779015,0.5611209274297748,1.0572766585643754,0,2.4033742435296723
0.8625960113284511,0.8365471806191977,0.832087501210264,1,6.548788133903512
-2.655619092974933,0.2780502383012221,1.0674832000520476,2,-0.9148527830447283
1.5133280825732052,0.5469500618445636,0.9813315469044476,0,5.781383581830282
0.553132064207584,0.29361681980341015,0.8890662726856573,2,5.863308703232108
-0.045703960660234855,0.9682043910905087,1.0291422941898096,2,6.309518410202639
0.2205076557571733,0.22619630084200637,0.9997124310899675,2,4.7878013117356595
-1.0299352833089765,0.015738239670462506,0.9963469593555854,1,0.7039383649206981
-0.34994336458910474,0.3258548420037962,0.9916130388010724,0,1.856374549892603
1.1002843382203737,0.5025093969698047,1.0428448494621945,2,7.422459705235171
1.2980219723262212,0.028362934230075076,1.0968510604419934,1,5.438722110253158
2.6962240525635797,0.5592483000339074,1.0509153221905811,1,9.863242232044092
-0.07392466628041514,0.8742827749512302,1.106512656743053,1,4.623984239604365
-0.6585529668050037,0.7047321944166701,0.9955957553719105,2,3.9784571055613642
-0.5142339659399888,0.6229683229783043,1.1756790933378345,2,4.760278245596703
-1.0180418752873648,0.9559617507082513,1.0587733088801246,1,3.3274050267042456
-0.07785475594085076,0.9582793338421058,0.9470821869040631,0,4.859239444816809
0.38273243001226814,0.8242664697032286,0.8963812039278217,1,6.643351024170947
-0.03424228053195387,0.607741847385851,1.0207929021624085,2,4.761687039056161
1.0963468456657985,0.4877645594977067,0.8775229656600185,0,4.649741525227435
-0.23421580134453654,0.01331611324646731,0.9072496698819806,0,0.5719658859947356
-0.3474506524985633,0.6062619062265414,1.0241968126853898,0,2.7548138740417896
-0.5812684768603252,0.9890880753568537,0.9410220147347307,1,3.973574271298723
-1.6326345262344952,0.818101050024029,0.9108913767406046,0,0.7353259610463097
-1.567767724308454,0.34060464388435197,0.9965584312119584,0,-0.77112777149055
-1.1791579306376878,0.15204702504442202,1.0072942643936005,2,1.448039034531633
1.3014280716647608,0.7840586144671541,0.9796269897058528,1,7.526554996743885
0.8952602728899299,0.7439378206317415,0.9629491311363721,0,4.423052210278734
1.3749640663929898,0.9670467919793231,1.089222645851189,0,7.972895991546134
-1.3322116545945017,0.8748423619393388,1.0348357672372712,2,3.8454302671609484
-1.9686246897860202,0.5556626252724074,0.9779051363789052,2,1.7689832333594355
-0.6600563201340829,0.10128424696474214,1.27945242489544,0,0.4705126041463499
0.175818953296028,0.48350065838396006,1.0195722470421262,0,2.901513139150106
0.4986902749098275,0.313695054022317,1.1198564566273301,0,4.165746930509331
1.0479721559680528,0.5124084820248398,0.9454463827546759,0,4.924951059356635
0.2842796708072146,0.3017015746396532,0.8725859718215379,1,3.122111819150071
1.7426687806556311,0.8618229919755958,0.9238776296409249,0,6.979228621166799
-0.22260568094832048,0.8443270139828222,0.9735549807731023,1,3.8749398164427498
-0.9130792180417964,0.3154651571670559,0.9515521162934664,1,2.256716432753357
-1.6812182154944335,0.599581346373995,1.142979692979003,0,0.11997180814488645
-0.8889713580954499,0.4301808576390541,0.988067649712291,0,0.371593760829509
0.242117960985123,0.9090927570285632,1.0472282246514788,2,6.983310266295804
-0.8887202573536308,0.18736090142632278,0.9953626701683995,1,1.4594920885832077
0.9367424635352571,0.6977284017849593,0.9575709769867632,1,6.078073000990288
1.412327706037443,0.9703753278372166,1.0038068289816897,0,7.519996727613662
-2.369586905226603,0.17527551956309018,1.1869715495528674,0,-2.4955208341200557
0.8640523004976479,0.2019664284242032,0.926079810899476,0,3.711801872845882
-2.2396040586617367,0.6937233386722279,1.0797170812968269,0,-1.0869118546077847
0.4014990550902875,0.7791539245249139,0.9024872420004781,2,6.16098761428701
1.2248705641936597,0.49054905479393274,0.95507763918788,0,4.624531506119143
0.06485610634357618,0.6096864651471213,1.0003583847999513,2,6.090161776056594
-1.2796891732042395,0.21268240881182876,1.0331759543405028,0,0.2714799081398894
-0.5854312042777726,0.47661422856732605,1.1598757215656244,0,1.4795663718925498
-0.2616454457109007,0.11207188087491515,0.9950042562978089,1,2.3994971116230603
-0.18224478378994294,0.3214219252756647,0.9190988860188292,0,2.152622287671704
-0.20289684076666706,0.2847797050309543,1.067163503585584,1,3.0646737325220355
-0.1098827793093138,0.44462536010242004,0.9642381407643232,1,4.164415800140754
0.2134800489101689,0.9301263622436969,1.0241552813796855,0,5.95070648097602
-1.2085736537332212,0.1812676621478424,0.9884450334331799,2,2.4670138122884984
-0.2420198298702195,0.4013882466247205,0.8233732271871013,1,2.3949380602573584
1.5182611703557054,0.6155972191096447,1.0521439279093108,0,6.564168258905592
-0.38464542314251776,0.9465570860740017,1.0600719685546804,2,5.422165332220829
-0.4438360931551978,0.13314819153576818,1.097089184830046,1,1.9557809769961954
1.0781973037142378,0.9178766169931135,1.1972727671289836,1,7.98683877684487
-2.5591846663440965,0.08105378863406154,0.8873547993831846,1,-3.070387142750187
1.1813786012882859,0.4807413971602644,1.0530079094036882,1,6.548653003151244
-0.6319037580051673,0.4545898672304828,1.0417786572111725,2,3.535300362710537
0.16392857245258663,0.20960272887719555,0.9589578095484771,2,4.860248028089317
0.09632135592119682,0.3474596681158475,1.040509631738139,0,3.3401075272637235
0.9424681192203938,0.4541652683483981,1.0512339824425208,1,6.452125934502357
-0.2675947462353477,0.8652114629106292,0.8852648767445273,1,3.6516721591802375
-0.6780257815644504,0.9550641453735598,1.0249279076610933,1,4.794869338171268
1.2978457906510987,0.5189256786371652,0.912289020563163,1,6.8314536581675815
-2.36417381714118,0.8700997902944219,0.9368935129567784,1,-0.21157223328959562
0.02033418170524325,0.6081715856767794,0.8373823677892627,1,4.537380347420352
-1.3479254226291204,0.34908734198767544,0.9537667898037179,2,1.2762589934311208
-0.761573388256559,0.19419420761346906,0.9798487390413766,1,2.094506580107588
2.011256681463137,0.4131347717827648,1.0565254922322551,2,8.095165745231881
-0.044595426455857026,0.5228242829238477,1.0000899967165722,0,2.573949638440287
0.19506969715138117,0.04444338825955618,0.8570758866855169,2,4.168455122651641
-1.7815628557055914,0.14584116587085072,1.0900404500481728,0,-1.2336865420412466
-0.7290446587946957,0.60018442398144,0.9882113744603966,0,1.871136429146213
0.19655740072878491,0.22500159467716208,1.0500492407717712,2,3.816123962234497
0.3547576931132181,0.8373263760812975,1.101412681592306,2,7.307200768155582
0.6168865543932788,0.3269422497741906,1.152876904923634,1,5.218630457870371
0.008627898917576322,0.10483420725325088,1.2166761810496247,1,2.9080775628453677
0.5270042084546597,0.08353058855531703,0.9928021536084917,0,2.9348091185628005
0.453781912635684,0.9371230205317796,1.0316014953922608,0,5.576442397476223
-1.8297404110045314,0.11802031124187917,0.8977747214974269,2,0.18205960429333268
0.03700572191014953,0.14090976416206002,1.1119998011467684,0,2.975750408849351
0.7679024077327037,0.862666057932753,0.8882618134694185,1,6.262244558037776
0.5898798207345195,0.254288130277344,0.8348316686685883,2,4.991097262887201
-0.3638588099707899,0.6659514107544161,1.0865837504517886,1,3.005945729749554
-0.8056265075393678,0.8167256870298913,0.949167824493266,2,4.856452259124605
-1.1183119243216322,0.6071806401301921,1.080864007379633,0,1.152979785992582
-0.13105401154141233,0.9574885434478494,1.0416515317915789,0,4.214762764176197
1.133079879559722,0.7088828992608414,0.8495909631859818,1,6.877855947888256
-1.951804101481602,0.11275150990365834,0.7618786892471697,0,-2.5495644103880157
-0.659891729729498,0.5584100265458799,0.8961386141238724,2,4.325651230923471
-1.139802455426774,0.7181865260891839,1.0016505092916381,1,2.320429370738292
0.7849575212405001,0.8019572403734452,0.8849911504909318,1,6.327593290603925
-0.5543096265713009,0.02632133528409153,0.9368087326689906,0,0.5502661340216198
-0.4706376581547914,0.7188789152714244,0.8642492456143688,0,1.7898714833855274
-0.216949569936649,0.8256808210194495,1.0171329091388168,2,5.394670214417879
0.4453932508947973,0.7468338109353565,1.0091239646086028,0,4.93791534482384
-0.39238899814963674,0.5123491456555981,0.9530010606163727,1,3.8384604859759817
-3.0461430547999266,0.4580209630888029,1.1499362776851625,2,-1.3726011008587808
0.5433118913875197,0.5494185832998159,1.1615687971058548,1,5.180527242552737
0.43904295767204254,0.704643698826602,1.0581548885895018,1,5.237583808229302
-0.21954102833121325,0.9229142906324854,0.8352893241604035,1,5.177312023282061
-1.0840366206719345,0.617035210641125,0.8954140744149619,0,0.7212617683417692
0.3517801106813583,0.8878343062834696,1.0415531713793216,2,7.519454978210759
0.37923553353558676,0.7012568474457274,0.9390789185188796,2,6.540513241088766
-0.4700328827008748,0.06833637743884757,0.9524581183624184,0,0.47850780936915605
-0.21673147057553863,0.5008281900016218,1.0940613045097611,0,2.743118599079133
-0.9301565025243212,0.28648634831524233,1.0524149568205987,0,0.8558268991972016
-0.17858909208732915,0.2851749281325723,1.1404414717707096,0,1.16953781128588
-1.550429345083481,0.3559275512159842,0.9579871354364474,1,0.889262999648978
0.4173188210318355,0.3147327720004758,1.14742757104413,1,4.099823988933649
-0.9443684908242939,0.5786099801171002,0.9460942123108316,0,1.248637755655893
0.23810314783231212,0.683601500353557,1.1617751638134515,1,5.49262599989504
-1.4059629162678993,0.26874938707673546,1.010639667319634,1,0.7983377600170658
-0.5900576458695397,0.12976262256838134,0.9175474583115631,0,0.9896275264056535
-0.11048940506592783,0.0588087209344621,0.8494875864362244,1,1.7046952414187695
-1.6606998118692633,0.5757528450305522,0.9703026639280689,0,-0.03525410575949896
0.11514787314009216,0.1861301663330024,0.97470222021262,2,3.699239886160576
-0.37914756287992274,0.009247994223699374,1.089551551576364,2,3.3665178885579934
-1.7423561978092306,0.9277530793237041,0.9890018762125192,0,0.5239268180555003
-1.3032427541123157,0.5371404190832406,0.9576784563945947,1,1.5594139905375854
0.6051200840821667,0.09244818024697277,1.1137177546108668,0,2.9602256111757796
0.895555985551324,0.8429211121274853,0.9777681953336645,2,8.181857233570035
-0.13190863977996706,0.9832027382901181,0.9440046550774427,2,5.705220700318694
0.4047618120404975,0.4486006620177172,1.0591438485603792,0,2.962719747993261
0.2238435633129107,0.04248960823815817,0.9521974865162012,0,1.664570516777898
0.32962298212773805,0.1175459407560635,1.06809876640464,0,2.9216726775944757
1.285984007080293,0.38165374664543217,0.9420549138207985,1,5.821263020998809
-1.506998398214272,0.885522637448877,0.9779507986936288,0,-0.34948999657486146
0.6764607323616232,0.14803867927776204,1.015334076307799,0,3.3790228243522225
-0.3820089555778202,0.8239900940026955,0.9632785737414684,1,4.59111041600482
-0.22425893425164034,0.014976260219019433,0.9986557573688808,1,2.494271788884426
-0.30224973045507003,0.457388698785811,1.0849644233590512,2,4.535806011488967
-0.37514711666128386,0.6443971409505681,1.0419148051874547,2,4.4734532635196125
-1.226196191783019,0.0603794820255964,1.0492724140785665,0,-0.8034355209039923
0.18333919925760125,0.6147627506164867,0.9384337246196288,2,5.955631455360518
1.6709430327888573,0.9444041214695561,1.0890251919940126,2,10.184435137881485
-0.056133020448757114,0.16025992013659507,1.069248680467219,1,3.154747002666019
-0.001385042735095726,0.7296113830353528,1.1056594222842917,1,4.773028650689393
-0.6872990371566635,0.6090938979435434,0.9299387239618625,1,2.804325093537075
-0.11747454641811148,0.18511638887923054,0.9829019989664624,2,3.313588963400589
0.46616642603403075,0.006203414709366029,1.0654032758386558,1,3.9663664670796566
-0.3702424407043429,0.009284450505927078,0.940934722887636,2,2.890357328314006
-0.45380404105200106,0.5320924091720286,0.9776414937325953,1,3.257065066976213
0.4032645401632468,0.9427794095611935,1.2123741853017111,2,7.734199734532355
-0.9180047698190454,0.6442986274656124,1.2155250230908734,1,2.2709119552238235
0.2524966270768724,0.7142998462937437,1.1320091411652835,2,5.644293234362708
0.8203217972614217,0.4938654869205371,1.09840432567616,2,7.022923571307668
1.3599485416794843,0.5818889426345698,0.9030971776135963,1,6.999180290810745
-0.09038200727694681,0.12636752533060347,1.0525925573075703,1,3.1983928581490146
1.3675972398067135,0.8768206204006308,0.9647255140467719,1,7.87269090074743
1.034409886481518,0.7607926286668019,0.8995531042975085,0,5.6753681462441
-0.9962126403710662,0.9981989528446096,0.9503731482668285,0,2.7715536266609813
-1.217938511593151,0.29772294755562134,1.011633658101343,1,1.0394376412583555
-0.30496363785442043,0.22701777179605787,0.9467354720153122,1,2.7722089808136636
1.0289354925948542,0.12516165796134293,0.9464094865219672,0,4.329156834365251
-0.0722870075600049,0.9642097566160448,1.082425276465134,1,5.258529523946264
-0.6006575576577885,0.7808851846280236,1.0145149824785373,1,2.740562401834982
1.5522431800485608,0.1663246137196387,1.0236204544579421,0,4.60831415727657
0.2869044880033464,0.5526864711082139,1.0112500508649311,2,5.119644973823506
-2.3205942757907416,0.41376820806727677,0.9346619981665649,0,-1.4163993741422303
0.31716062629268876,0.1514860078061928,0.8719203580147956,1,3.1704002839867025
0.5200406145708678,0.16207298502996548,1.031543754592508,1,3.6569743108473562
0.2256086544711038,0.9634699947451857,0.9505603147895563,2,5.992187318668423
0.44971210023199254,0.3049641829577222,0.8178484513362574,1,4.583334739225842
-0.06727560892298173,0.9414392916839432,0.9615038346203976,1,5.698590954057288
-1.3183958696447342,0.0756106730650844,0.8965315500064358,0,-0.8607409331598177
-0.37070400322045344,0.4608030422931906,1.0723634275488447,0,2.4179157194438656
-0.9456157955562914,0.1296190485167601,1.0535469539209648,1,0.5878348422768356
-0.9327409107943778,0.004787385241172171,1.0509445324048046,1,1.1386238599545586
-1.2630683491022754,0.5537660737060766,0.9356590218076626,1,1.7193027645959345
0.45248909263964643,0.11389410481136342,1.0758974582629397,1,4.323994282096922
0.0978961454126271,0.7220245309336797,1.0324813454338397,2,6.252047202482777
-0.44816536268070806,0.6981163757068996,0.9598430918736197,0,2.579912391155667
-0.6493379277303881,0.17633290746448915,0.9556784773968227,0,0.6111743436426117
-0.02342310502145217,0.9417421432655166,1.0933767193657808,1,6.033058669504991
1.0791947281124892,0.7210434084324896,0.9537436010142923,1,6.477539997208172
-2.004215715498915,0.29797026415692995,1.0308313858191052,1,-0.5520055611733623
0.37687652085089274,0.7092337639507906,1.1089301244586118,0,4.18773579396144
-0.5457119740177824,0.731930277681536,1.2103798821858935,1,3.857709467108884
-1.8845858449794477,0.3422263312509606,1.1810304409372243,1,0.03481270256569123
-1.9457030831639588,0.3755885624614592,1.094264312152676,2,1.2779909190529803
-0.9127834941352918,0.3591065076533001,0.8601993320337661,0,0.43675463999365133
0.21950955579304526,0.6166184435520741,0.9334154969251284,2,6.100047140609746
0.3930629339800916,0.9004101465401794,0.9466662101346387,1,5.834032859819534
-0.9389815726777853,0.17319323622858762,1.179764666309218,2,2.4401625286876656
1.0170209914132446,0.8751996098363184,0.93245741683701,2,7.059804955832817
1.4229834965161061,0.027653156505342502,1.039371951252329,0,4.122057261659708
0.3960865849565602,0.6603385959782224,1.0101377486198417,2,6.894996139036731
-0.5914026678081108,0.4144388731896942,0.9107264320527931,1,2.242335249981057
1.1244191845103682,0.7912815522324937,1.0389207157349725,1,7.103656933068327
0.7553956956633383,0.721198112930903,1.040633444116181,1,6.5555716776387225
0.867407411354918,0.480107807145184,0.8819874181843957,1,5.13183534045819
-0.6564636749715315,0.6438640367225967,1.1300792293160633,0,1.7431012628898155
-2.8345545052747023,0.5017731306999452,0.8116784596586621,1,-2.0877817372566283
2.1167910214836754,0.8115184706218832,0.942635394541858,0,8.445061234443328
-1.6108784034499337,0.476083985968232,1.1020774938833309,0,-0.9677507100763149
-0.03576807186022113,0.5231559899920758,0.8875186148732976,0,2.6828610699130966
2.3807453512197503,0.25052058641717856,1.0356472483197259,1,7.852346308280407
0.330576756274374,0.6050430168104723,0.8784150817298413,0,4.189406850781705
0.9492464735582357,0.30290480866983505,0.9907407191603184,2,6.388258682297753
-1.5023965693817127,0.5772840145429821,0.7934400356445733,2,2.4192964240581976
-1.7776669547337063,0.16967811557406987,0.9191948362028705,1,-0.7865116925758965
-0.5327027919795545,0.1594690923411588,0.8570216101007269,2,3.595447221803549
1.0907497344345,0.41702974119199354,0.9606199956146447,2,6.439875861295738
-0.34624944764730997,0.42681951511054084,0.9593271366555367,2,4.788675279121286
-0.7946363210714987,0.26810926491253906,0.9348525925669527,2,2.589064966993462
0.19796728994496746,0.13159685036669,1.0830610305433295,0,2.074677789233162
1.0819352184772653,0.039210539213897055,0.9151310861763576,2,6.38837563835375
-1.4449401990733717,0.025231827287816144,1.065494134185452,1,0.08786585478802128
-1.2105429941233516,0.2715502900064757,1.1769514482422057,1,0.8456962927615874
-0.7886692545093662,0.46185344216193713,1.0140035590057832,2,3.328998741498004
1.0946383747120914,0.726243281306127,0.9178080368095017,2,7.814042890617225
0.2348215259487319,0.47487170071400897,0.8825552803739556,2,4.8753565311809774
2.1321534105704436,0.9040508194352818,0.9314819094476082,2,11.029177211351282
0.9364457258311158,0.03521980457540708,1.0730062324596572,2,5.996991629106434
-0.03509517686967038,0.18066062154063434,1.0156807460995418,0,2.6485516673746012
1.265077838088766,0.33851449277014267,1.098207737683926,1,5.689110238898301
0.21149701273187801,0.5774961880651225,1.0800778133433877,1,4.981069261049841
-0.7049213525074449,0.8527361578939424,1.0141806703527347,0,2.3225870986578636
0.6799748442451024,0.35020195195657644,1.0484876852372587,0,3.6246730245222314
-0.6963266538610828,0.2679886825044201,1.2038498393273847,0,1.1763687765078994
-0.29039710080386677,0.06188916884289575,1.152076104029723,1,1.7086619022212515
1.327782695957983,0.8213034776981041,0.970179084149932,1,7.4914260510424375
-0.10128148621739935,0.37966644320667897,1.1040309083905677,2,4.422737460243357
-0.8031413873416283,0.5715501954169343,1.0603351957923333,0,1.4978346505416649
-0.46433769143549164,0.9835554181712204,1.1203473910046973,1,5.104314773101699
1.021790585588673,0.0015945706042945762,1.069468351464144,1,5.025903853622786
-0.5525406734167292,0.14545014069886597,0.9071778668619443,2,2.717261543508519
-0.38687084685064654,0.7791109940193555,0.8504680308237671,2,4.044547652528058
-0.5102927396336285,0.8051274852078378,1.0589339576315966,1,4.199699690377827
0.18392549434030994,0.7692471190327554,1.2095662446402038,0,5.0087432432391585
-0.3854897603756083,0.5369988910428293,0.9253655680938638,2,4.947836633933985
-1.601836048972537,0.9788569810230561,0.9813668111062737,1,2.239448080075797
-0.8871809418450403,0.39618455999532054,0.901608604584223,2,2.7131859555103577
-0.9327890415064383,0.6019436981131123,1.1249999041659595,0,1.7444384485242224
1.2433193844551549,0.0633690045488483,0.7941231845458352,1,4.49596289324877
0.8126740421090424,0.40985744990733874,0.7974261662581265,0,4.458044313149985
0.587259379399826,0.722500087509922,1.0382140651835112,2,7.731196279263923
-0.5053583172644099,0.2387388407706993,0.9917994448380903,0,1.8677177195347543
-0.8157915419939713,0.9438275890731485,0.9531697194618363,0,1.8213359488843908
-0.507517601657357,0.6867833676432891,0.9703392962947863,2,5.581923491642101
-1.051880102551674,0.28757538285757145,1.0551667290393658,0,0.9389312857530909
2.497200391587007,0.7689989227058563,0.9594640814342412,1,9.976714103861092
-2.245321648371402,0.0831647718081091,0.8961096491838547,2,-0.6726133906477543
0.5640085350738091,0.9747744225104565,0.9114338202617722,0,5.363430159081491
-1.2845522979925272,0.04928525907355852,1.0928990956247429,0,0.03112567392401744
-0.10434349149469264,0.9334558911487183,0.9488788060866243,2,6.4434475833607125
-0.9880019424937344,0.2528538777482612,0.8706390834060234,0,-0.07560919107035688
-1.1776289624826308,0.7578241076908905,1.0102702129992673,1,2.5235158153834525
-1.1401963009349616,7.369943310608917e-05,1.051796308193627,2,1.405510702181016
1.7549861537420586,0.2542400891795997,1.1421312958885317,1,6.8605615028569
-0.13298842230959199,0.7491006066497199,1.022029481988359,1,4.974275014618598
-0.7657021944780863,0.5323360708973223,0.9361578957218049,1,3.6927375050211655
0.555786964082873,0.11495214963711486,1.048542166661075,2,5.6320925046931904
0.010349314566299353,0.3936297458372753,1.0754266719806442,2,5.275002213502692
0.7200337593416528,0.37554935508454257,0.9961170276429305,1,5.4163893618630645
-1.82425665593783,0.5681622441809498,0.9955499914875856,2,1.9962784898815635
0.3036039044620014,0.6679770724602178,1.0263545891421786,1,5.2196960970152135
0.7726948371023817,0.84083024241225,0.9930386931094024,1,6.325180238882432
-1.6615982911145637,0.4972313969773726,1.0253267996359052,0,-0.993818930729202
0.44819528442331247,0.3920217173051701,0.9028567893469778,1,4.278141285133765
1.6961815728281606,0.1439765340953817,0.8913271234414323,2,7.280221841890147
-0.014857703354702717,0.8048229649897223,0.9197888575424429,1,4.974879012224421
0.8214059370248112,0.71337040541456,1.0663281318079247,1,5.3640601450158085
0.6705704503109099,0.40867739745468534,1.0262175453051794,0,3.771320056123499
-0.7075056975105769,0.5184323099426694,1.1096269707163995,1,2.6262968462058995
0.03976673458649517,0.6651828444118888,0.9815040958612045,1,3.859918032738571
-1.5669947108616025,0.1648055898475378,0.8919331085898361,0,-1.0561188565787656
-0.4513030371025261,0.02719779440792025,1.121262579528585,0,1.5788060166470208
0.2656879749662359,0.3175036991866854,0.998125054356762,2,5.4810180628343925
0.7231004937377982,0.5955850196361631,1.1369457537259204,1,5.825835767697102
0.024612125247911617,0.4866060912814587,1.0616185198832644,1,4.763242419567707
0.7199837301431654,0.6925546268631271,1.2446593373825263,0,4.889128970791075
-1.1029062129553697,0.8196898055745352,0.9782624427541944,2,4.712018985821311
-0.1016972745548716,0.4884424667302759,1.0942534944054698,1,4.203290873402827
0.019279384513077216,0.13426702371782484,1.0932297743234969,1,2.9233463921014566
1.8495912466796365,0.8506279997989659,0.9460000713102525,0,7.612404038087999
-0.21416665620008424,0.5749903272741144,0.982899667483863,0,2.2938518350896744
-0.4990166379941829,0.7399374807828707,0.8640074960588552,0,2.904575863789235
0.02135122384354861,0.7046646536082916,0.8565182843440685,1,4.649487566148371
-0.9191134448699437,0.9682117713312417,1.0127373174642444,1,3.5653318348995278
0.19275384906521617,0.2953073223358139,1.0825297974947954,2,4.131416019905835
-0.36505521654625767,0.705306772779262,1.0658817632855526,0,2.9558292782133377
-1.7913275480411837,0.3656763331259183,1.0345871516293268,0,-2.178790542936576
-0.05858655113386085,0.3954107209186417,1.0901351891735667,0,2.691110592531211
-0.31754309393019925,0.23059463665872149,0.9427352585915706,1,2.888551028428306
-1.6324233020679833,0.3440101756508539,0.9731147448201107,2,1.2235873969435933
-0.06713415461452177,0.9482967516582631,1.076539953444721,2,6.24340313366119
1.4893559620744803,0.29257084694760094,1.0442635216106144,0,5.42323444877156
0.5213037482757137,0.24599060595658673,0.9792004757389512,1,3.507593716103101
0.6119271927311578,0.583137978473822,1.1411989709297359,0,3.9110470501907777
-1.3414967255830426,0.2580359567417546,0.8787980783889934,0,0.26102370207934245
0.4768983689222224,0.47338572559429504,0.9494543111601722,2,6.797308029546061
0.14844958138007808,0.834176256556237,0.9720580272899553,2,6.024839546073461
0.5290452383344316,0.23040031430717556,1.0850797514995463,1,3.737872912515857
0.42262862170882565,0.42669141218392004,1.0002385482396308,0,3.279820368056659
-1.3597807255038137,0.6104897350200319,0.8814833419804285,0,0.3167252708528516
-0.04140081155796743,0.5456289245734854,1.0527443466652557,1,4.45037756058169
-0.757870860425166,0.9747232374152373,1.1148887582471616,0,3.7455740061371916
-0.05008409428482209,0.680370254395195,1.0767319197547423,1,4.510372201640241
-0.8974009269018305,0.7399462420484398,1.0638724353680997,1,3.7011692450010605
1.3124703671409963,0.9669559479667332,0.8290860332531351,1,8.519678700781121
-0.8589723884443423,0.414438025228521,0.9139415605745583,2,3.463175908515911
-0.898942156465536,0.3553798150610512,1.0493889693913987,0,1.0958888023089006
0.07458640654355353,0.04386242976638255,0.9945262175660766,2,3.369965472744539
-1.0770990694039948,0.18420430651882713,1.0536451885591385,2,2.003427505094447
-0.4246633024328657,0.23718963205167587,0.8810558442628876,1,1.699974360016275
-0.8299645975379619,0.1835044670713385,0.9938693929030341,1,1.620440999066693
1.4111720638896117,0.7547838931965645,0.8702470850163245,0,6.229815172110232
0.7858038268311726,0.5358829812761117,0.8225320288399494,1,5.568337664218188
-0.057469518465394644,0.6676338014584673,1.030019679995427,0,3.0183906175846653
-0.39121705217401626,0.8204621608393736,1.087910495240373,0,2.975478673044718
0.9409176145751134,0.23077394128589468,1.0248657647453754,0,3.95376320575852
0.40520408032288807,0.32592393982149914,0.9967057898294349,0,3.5046485871852644
0.4980524046828567,0.7083602670365968,0.8553868688608647,0,3.8779838622597627
-0.026192237344250482,0.3927589459044728,1.1058460595064596,1,2.6157132261426366
-1.6882300277714322,0.02927094010104414,0.9956051958021589,2,0.3889705739528795
-0.11246598255955272,0.43495521902687795,1.2164736232560305,0,2.6107741133867255
-0.5324899192090677,0.9082730864154143,1.0988140159302704,2,6.457610743277925
0.6450552734598769,0.4090215115928747,0.818311226157613,0,4.057566527668654
1.011842432994189,0.332248916442747,1.0784285853655509,2,6.390610697087905
-0.6579510447611686,0.9895250829450272,0.8696594995611772,2,5.454156950716782
0.46838523427705164,0.6444155642370132,0.926862966503585,0,4.309432539650469
1.7358789976857132,0.36599802647118085,0.9752361153859406,1,7.236970688794235
-0.667712720570559,0.10201953136380737,0.9906378553053898,1,1.2678915480258168
1.6819217400731377,0.7878494449464212,1.040557390058609,1,7.954132349268864
-0.852585847170647,0.7080749334877576,0.9027717698477662,1,3.7707160164962517
0.022959755607951444,0.9219157992485649,0.8913044631244428,2,6.128435184392862
-0.011145611841841251,0.21727563002800832,1.06190081102181,0,2.0558668432259006
0.011498899870062375,0.11492434998823198,0.9986758506670033,0,1.1867192231015973
-0.8376780419079453,0.7240725264090636,1.0175902221996973,1,3.320005870515443
-0.5911831037644297,0.20339584199869565,0.8030258809993935,0,1.3327718567822708
-0.6677202863593994,0.17610383778949612,0.9824422276599254,0,0.568503744727669
0.3269625954044574,0.3198073353960721,0.9147788670169327,0,2.9760166585554275
0.33003511451031164,0.8168251414784377,0.9120480195289219,2,6.5640538158410955
2.225944331738259,0.5395366051096308,1.0965769677321142,0,7.587336056029168
1.3709890062911214,0.04585035510228097,0.8962220053255294,0,4.2785691994070865
-0.5098432421384791,0.4638946746593172,0.8964707076139091,1,3.6096452971612347
0.32486961579618606,0.6839796113664752,0.9674407847537302,2,6.534734317284551
0.9971179807917595,0.5383684384690157,1.0460580728354276,2,7.043775532937216
0.030601824338517807,0.572450218156556,0.9153932972714794,0,3.300035158753023
-0.06964157844693558,0.22477732839266462,1.131353160614831,0,2.0969003272366327
0.05157494276988904,0.8477393315953481,1.1560219437308126,2,6.748776818852808
0.8672766288084278,0.5613987175911241,0.9156283696251021,0,5.370831918516818
-0.8483205228052325,0.7132460130406766,0.9757897112607231,0,1.5773794097245932
-0.32566946882017417,0.9818642170133025,0.9250869487249284,1,5.033146970931641
0.47043314484648185,0.42819865767453213,0.8448989788005854,2,5.051266046326602
0.3114470715541555,0.8810666126765085,1.0307648557303497,1,6.632084126777823
0.23958275985639133,0.007281013941125014,1.076117317384831,1,3.227226127763774
-0.3698011663038032,0.0334072926151201,1.2228527224986419,1,2.155031420979791
0.9725357891425369,0.5902799217288169,0.9141679694810011,2,7.352089972727399
2.1338682472045374,0.31144939554220064,1.1429624236566749,0,7.191223123689467
0.4064154936762062,0.24827656701970024,1.1436619706867275,1,4.10487850078113
-0.1931767015498399,0.27793535720895857,1.0199823578863187,0,2.5762367097182826
0.7557402888945426,0.31840293461058755,1.0620662986277687,1,5.041163783580969
-0.53913263675299,0.7289476961434229,1.091253793910069,0,3.0131087677044865
-0.7496903447028966,0.5691959722309445,1.2182434118225773,1,2.9911356962725315
0.0328087476137118,0.7890359725593334,1.0489407613357264,0,4.650933443338149
-2.5827966329699446,0.8301965798350519,0.9940042580816637,0,-1.2672827710055143
-1.1539503636520094,0.8429348593012821,0.9170283603370015,1,2.9515791777494
-0.34796185592084583,0.41464414917488757,1.0310029594551338,0,2.665746338001707
-1.3533888581477134,0.4212733963164108,1.1078447855596951,1,0.44043381991529196
-1.0326431018921296,0.926265880140584,1.0247626616131922,1,2.7202158704841466
-0.4367483374580074,0.6617635946044105,0.92497152577219,2,4.594524567128337
-1.6429652935306092,0.08046718397913877,1.0089474111585948,1,-1.2525056085400226
-0.4060717962598319,0.5421869540924683,0.9871676969604339,0,2.2399246346418815
-0.5352701645328445,0.356007259634907,1.0268274218412687,0,1.8999464453197223
0.025405208385016018,0.9874349897163631,0.8468896834088501,2,6.5719735958223096
1.1541840304940192,0.013655406462292574,1.0566239382438423,2,6.17413100281968
0.1725044164928659,0.612180873070558,1.0613506718008594,1,4.7431363721475615
0.021062021342063624,0.7236230943988581,1.045489653712204,0,3.109321570129502
0.09945445703071175,0.2889067713573552,0.9996237890705832,2,4.943573607750413
0.22739277512112846,0.9736415182565321,0.8347745202215069,0,4.718048540197772
-1.016738648609769,0.8595366270217113,0.998069586452476,2,3.8438581579710642
-0.11477532477079817,0.9156528409858125,1.1119013745395803,0,3.310552559608992
0.3087512418366131,0.01923205935154848,0.9175824056821024,0,2.5535279757499163
-1.3707599825430605,0.569872151314809,0.8196097664128241,2,2.0300962664872926
0.8656529228158533,0.2946502419545467,0.8572241889785905,0,4.091747803533182
1.0813760344581897,0.8490286349356629,1.0319008317556206,1,6.791123369560507
-0.6313759884493888,0.6328496569149624,1.0379915051896857,1,3.339285098355077
-0.24133779145310455,0.5388770043211097,1.0926755476883088,0,3.197759574798121
-0.8781903428100731,0.1145881696756057,0.9944893401261427,1,1.2184393649145602
0.6993804835878171,0.5402228047861908,0.8606797133067046,0,5.064950759912929
-1.0612222874459092,0.6319041463564267,0.9214097783365518,1,2.410998834631636
-0.2224770102429203,0.9559123093102045,1.0853298361646062,2,6.2601666974020524
-0.8589199078076716,0.5850510104238695,1.0141487500824846,0,1.2646372176521194
0.050954277011289496,0.9674006017456545,1.0671408438501895,0,4.808090875043528
-1.794229271489721,0.9616061156066621,1.0444379361202594,1,2.2674942938838134
1.3264616423656934,0.6502003358335975,0.9797125612634298,2,7.605303021035735
-0.964606424206264,0.5059079841180887,0.9827498338458465,0,0.5034486637542559
0.05989468311627605,0.46602174382604933,1.2040733018583931,2,5.123355235350242
-0.2125230447703092,0.8903785611157826,1.0423392088300114,0,4.489399232622501
-0.7621145119224981,0.028256682971756764,0.9872235655344085,1,0.9920466322814483
-0.8877801366359354,0.11380819802357156,1.0465949597306645,1,1.728511983981301
0.9363985435524596,0.10207172911915185,1.0225408732376369,2,5.8779094707136705
-0.5256405931019397,0.7569353251210548,0.8059483363514667,1,3.4884931201485716
0.2711701846373109,0.33965102385253476,1.0671680434498152,2,4.818397835916039
-0.8014968853943748,0.637968544740701,1.1997268758247388,1,2.643034393536056
-0.6471814318477607,0.6037829038425656,0.9249385400752889,2,4.6304253801531
0.47224715008784873,0.38582796974253164,1.156506212959697,1,4.709607032294335
0.9304084961111163,0.5315677222423986,0.9746401337233397,2,7.142566525737735
-0.17531640232701995,0.6451385335716601,1.0297820107200302,1,4.355580093218162
-1.4219198716404369,0.9409503298781383,1.1129743227227475,2,3.3366596709855414
1.9979560797500047,0.5756340728609814,0.9305307626251834,0,6.988114850274239
-0.8565493082342095,0.6143675117683143,1.1322982210946777,2,3.739805777105586
-1.5415873996717875,0.06785581770377547,0.885660372924264,1,-0.6414905622388926
2.594424587768152,0.952215814760112,0.9162046933730518,1,10.745127516866415
-0.40403229385093714,0.5280819279093862,0.9423749648640374,0,3.144557162362568
-1.4617326882614081,0.8012734198599218,1.0684409572489322,1,1.982202652188249
-0.6834397667886818,0.05029106314738907,0.9664869902985916,0,-0.42015601552533965
0.36754489602226903,0.420910135737091,0.8589904746355675,2,6.051934565777669
0.1903115575939397,0.2569754591527016,0.9785794622806834,1,3.642624652493514
-0.85172919725359,0.26697589868858995,0.9245740460790864,0,-0.4313551039108514
1.8227236001279594,0.7914537299609294,1.0758697046601415,0,8.249191949396593
-0.5215796779933731,0.6238667252688536,0.9662588640654717,1,3.279704462101963
-1.184686590411552,0.43974531184284804,1.0071025116280536,0,0.7871288898286077
0.9606933984606597,0.010585739586393417,0.9602637950909743,0,3.3046695412710685
1.3290628465396823,0.9649279429455299,1.0443491796674074,2,9.670302981364502
-0.8174930976162265,0.9620232533557238,0.9818084248728739,2,4.7430039597986
-1.4013472930393105,0.21755221028003846,1.0330544212486141,2,1.3083245701232276
1.0304382674156047,0.04134637231655669,0.7715615301222177,0,3.0256653029034486
-2.0473236130579617,0.5301993630119022,1.009772530032045,1,0.45356518134694107
-1.2266216593966155,0.9514108146164075,1.0422599318896384,2,3.801778906757641
0.967446150050235,0.9103958457649349,0.9802692447688608,1,8.054733277091753
-0.05535254802238957,0.5846628638893966,1.0692305173886152,2,4.985682037752661
-0.26393734859268786,0.3035488506537072,1.0766568198767044,0,1.9109984642572504
0.35281660649437835,0.32996088376919597,1.1393083744132935,2,5.965265186585682
-0.15277442354540868,0.8979135514860276,1.0105362805779052,1,4.641850659069892
-1.2986867221630902,0.49178403563557693,0.8258186592139508,0,0.3560539913820504
1.2760753460061875,0.1311162289671456,0.7956865557433314,1,5.3458524546967325
1.3250140528868153,0.2484254759736073,0.8519869278177387,0,4.986736355547051
0.2053325637779597,0.2767949014674991,0.9962164695382258,1,4.086669391465758
0.045134015432010274,0.12354668493190935,0.9843925497318329,2,4.131998477174124
2.339624806020058,0.46304438152129135,1.0280090651177256,0,7.81339177790647
-0.2764328450158372,0.916050908274991,0.9393899608112771,1,4.9639549341612685
-0.25957698183403943,0.6687825429922609,0.92899760598655,0,2.3966071352885607
0.36448124924050557,0.07247392424885613,1.0570740849282385,1,3.6925693348434745
1.4713219561423383,0.005494817809162722,1.067791440606421,1,5.650363125810858
1.5927707544174836,0.27624766746925433,0.9746615333374902,0,4.8210838659984585
-0.25857263167677125,0.3626929347939404,0.9961597269575606,2,4.694446350413151
0.30833124595934525,0.7767496690467758,1.0412599125743185,0,4.772825940415595
-1.3780834670640771,0.9670055239303667,1.051727823062557,2,3.828672277895404
-0.31197610791621294,0.38756717342354363,0.8919028454777944,1,3.901109736478224
-0.8402903954793065,0.6866900298168611,0.9305705506795755,0,2.581403417758627
-1.0068317522989838,0.9949019073529632,0.8842153790468514,0,2.350775974745833
1.6815767162673276,0.7456665838750144,0.9505726737973795,2,9.177187446808228
-0.7922866618061449,0.6361895490858445,1.0846239737312025,2,3.8037079416914237
-0.5316059080114549,0.07807485417830429,1.0561467956914516,0,-0.46536159691267054
0.3658487879168582,0.32321520119473024,0.8960045427054875,0,2.5464324110300023
1.2978252669735855,0.9133921584571569,1.0525614531728675,1,7.571663894563959
0.4811151263888354,0.2010054816809057,1.0086212613847645,0,2.6624033881428
2.759355114021582,0.8435903592732081,0.9518073094585306,0,9.741853653778394
-0.07466797825114957,0.6963236850805055,0.8687968413027211,0,3.1523149579079113
0.25871644022974605,0.36632437083075464,0.9826695922458243,1,3.6789546365531165
0.27560067398405635,0.5291742697126566,1.0703593151044573,2,6.038833926178633
1.4350493867891545,0.5428064687528136,0.8054857520597991,0,6.0581942299579765
0.5072389511096153,0.7140537850738863,0.9611619904288474,0,4.205758641529042
-0.1162297003871491,0.5165559410991961,1.2528592884416323,1,3.752496962409247
-0.9474885949068795,0.13307599018416627,1.069577458472309,0,0.6694346032222273
0.24444345596163258,0.7734546715219126,1.0263237568937256,2,5.974150144811326
1.4013448312919596,0.4062724969061188,0.9289331359695694,1,6.2830017928618105
-0.4103817936578706,0.9630938902119273,0.9344165232541454,1,3.6499880138343337
0.5289436184165822,0.28351378229303437,0.9917057491197993,0,3.456896215349172
0.24614778868484416,0.2630787802965846,1.1738469691329951,0,2.6020121339587363
0.8635196583813146,0.3335073956751826,1.0476598044118899,2,6.290967050949954
-0.8047537406378693,0.5723170159586255,0.9164792616041688,1,2.383337428674504
2.3466470305265617,0.8948697402009823,1.124882624278317,1,9.723072963604658
-1.2791611070282582,0.1762816401400148,0.9711644915969484,1,-0.017810525973996627
-0.3655510899860373,0.2796787975992202,1.1849903701535744,1,1.795773679030296
0.9380925409056455,0.5816798431478618,0.9449150001512365,1,5.609119122935168
0.29673317249411335,0.4543342421615151,0.9045419683774387,2,4.505478931933684
0.8299861590811032,0.44732288725572533,1.0176163266861364,2,6.907866756968742
-0.49610233398256237,0.8207342620964065,1.1032194726260622,2,4.987214194628022
-0.07480498268034107,0.9238783025113612,1.1093169656647797,1,5.518420532198933
0.012231983638817386,0.4813069660698819,1.0160465618176584,2,6.4564917306698195
1.5692596145359043,0.6873517954472738,0.9059151155296444,1,6.9595032545684425
0.690429024383049,0.8010587110273939,0.9507215349558926,2,7.17985688789109
0.7966721083646714,0.5183664103871639,0.8172353276684826,0,4.603352474065338
-0.6579260925367952,0.29431640895373534,0.912732753468289,0,1.035060050758437
0.9688826385630508,0.6380845977222838,0.9823126096809556,1,6.028912513327043
0.22558166356880352,0.5851091003060592,1.0396667343570694,2,5.53964031654093
1.3891453156779274,0.9015628197396104,0.9666242498088726,0,6.386322339347436
2.014060154918468,0.05240703676985603,0.9943182967781382,1,6.953381592646177
-0.30676577602700456,0.9101313871334668,0.9611560075025835,0,3.5693988025302614
-0.40630313044506255,0.5344320281653596,1.0779946724640455,0,2.5122061265620204
-0.8640449911023695,0.015676116049913924,0.9140122601906215,1,0.5888572804397808
-0.14357951171632055,0.3447021787677881,1.0873622305617656,0,3.701983918958633
-0.3820254489503836,0.7243335638753198,1.216634063265722,0,2.8581866955719932
0.35950439957101016,0.48843308793583295,1.0484144398542574,1,4.508498769546399
-0.14456681693373594,0.9801590374409924,0.9486558784698471,1,4.829025052895976
-0.3615992807816198,0.42261007383104854,0.9477855509370221,1,2.4835917429492618
1.0645851361278518,0.3266352296260078,1.128606541007046,0,5.355635023496617
-0.9378802311514517,0.8216719344295681,0.8934553277210149,2,4.00646374252427
0.43310795315134365,0.5479066993580314,0.9090270365867279,1,5.799165193139858
-0.4059417271884834,0.6823265790625589,0.8900791875959679,2,4.345471663891566
0.7243685048699644,0.8057023380386775,0.8799841491056362,2,7.11998384045398
1.3852615467222305,0.6714275461256203,0.900791343046178,0,6.096827812922905
-0.3030982534240727,0.42240749476866457,1.08219403487815,1,3.438545024558757
0.44103290727315136,0.12479644789430067,1.1165328972200936,0,2.617550677567569
0.17879286573317985,0.5802481665713005,0.9326667647727611,1,5.053702381418536
-0.7994223995430966,0.8974333267292596,1.0209498348283357,1,3.732656043599613
0.24078750974193844,0.41889242651841496,1.078871586394343,2,4.457376665981974
0.28912050527881217,0.9107252348428405,1.010107156035076,0,5.6140534848794035
0.4128708204461747,0.503527819782402,0.908923564533838,2,6.32068274108457
-0.19839889682004574,0.6208415624424766,0.8632592965604278,0,3.5591856583397856
0.09419230031014657,0.8329884760556429,1.1063239419781703,2,5.670713160954707
-1.1476109448431353,0.5645971096407215,1.0508695257494594,1,2.0131319272667185
-0.35811407547985674,0.0909693392955635,1.0593924562636026,1,2.187212266732628
